proposition_id,home_line,prop_name,game_id,outcome_1_id,outcome_1_abbr,outcome_2_id,outcome_2_abbr,prop_date
26953480-31cb-11f0-ab53-41ce0449976f,,TB @ NO,401772869,26953481-31cb-11f0-ab53-41ce0449976f,TB,26953482-31cb-11f0-ab53-41ce0449976f,NO,1761509100000
24747760-31cb-11f0-ab53-41ce0449976f,3.5,ARI @ NO,401772718,24747761-31cb-11f0-ab53-41ce0449976f,ARI,24747762-31cb-11f0-ab53-41ce0449976f,NO,1757264400000
250d8310-31cb-11f0-8209-f386d3264813,,ATL @ CAR,401772838,250d8311-31cb-11f0-8209-f386d3264813,ATL,250d8312-31cb-11f0-8209-f386d3264813,CAR,1758474000000
263b0690-31cb-11f0-a687-2b56ff546787,,CAR @ NYJ,401772860,263b0691-31cb-11f0-a687-2b56ff546787,CAR,263b0692-31cb-11f0-a687-2b56ff546787,NYJ,1760893200000
28c88f40-31cb-11f0-a687-2b56ff546787,,CIN @ BAL,401772930,28c88f41-31cb-11f0-a687-2b56ff546787,CIN,28c88f42-31cb-11f0-a687-2b56ff546787,BAL,1764292800000
25f60e50-31cb-11f0-a687-2b56ff546787,,CHI @ WSH,401772717,25f60e51-31cb-11f0-a687-2b56ff546787,CHI,25f60e52-31cb-11f0-a687-2b56ff546787,WSH,1760400900000
27c724d0-31cb-11f0-8209-f386d3264813,,DET @ PHI,401772928,27c724d1-31cb-11f0-8209-f386d3264813,DET,27c724d2-31cb-11f0-8209-f386d3264813,PHI,1763342400000
2837e800-31cb-11f0-8209-f386d3264813,,IND @ KC,401772779,2837e801-31cb-11f0-8209-f386d3264813,IND,2837e802-31cb-11f0-8209-f386d3264813,KC,1763920800000
297745d0-31cb-11f0-a687-2b56ff546787,,DEN @ LV,401772794,297745d1-31cb-11f0-a687-2b56ff546787,DEN,297745d2-31cb-11f0-a687-2b56ff546787,LV,1765141500000
25547720-31cb-11f0-8209-f386d3264813,,IND @ LAR,401772849,25547721-31cb-11f0-8209-f386d3264813,IND,25547722-31cb-11f0-8209-f386d3264813,LAR,1759089900000
2b236f30-31cb-11f0-8209-f386d3264813,,DAL @ NYG,401772963,2b236f31-31cb-11f0-8209-f386d3264813,DAL,2b236f32-31cb-11f0-8209-f386d3264813,NYG,1767502800000
25a0c260-31cb-11f0-a687-2b56ff546787,,MIA @ CAR,401772852,25a0c261-31cb-11f0-a687-2b56ff546787,MIA,25a0c262-31cb-11f0-a687-2b56ff546787,CAR,1759683600000
2aa9ab50-31cb-11f0-ab53-41ce0449976f,,SEA @ CAR,401772952,2aa9ab51-31cb-11f0-ab53-41ce0449976f,SEA,2aa9ab52-31cb-11f0-ab53-41ce0449976f,CAR,1766811600000
24762510-31cb-11f0-ab53-41ce0449976f,-2.5,HOU @ LAR,401772723,24762511-31cb-11f0-ab53-41ce0449976f,HOU,24762512-31cb-11f0-ab53-41ce0449976f,LAR,1757276700000
259fd800-31cb-11f0-a687-2b56ff546787,,LV @ IND,401772851,259fd801-31cb-11f0-a687-2b56ff546787,LV,259fd802-31cb-11f0-a687-2b56ff546787,IND,1759683600000
250d0de0-31cb-11f0-8209-f386d3264813,,NYJ @ TB,401772840,250d0de1-31cb-11f0-8209-f386d3264813,NYJ,250d0de2-31cb-11f0-8209-f386d3264813,TB,1758474000000
28cb7570-31cb-11f0-a687-2b56ff546787,,LV @ LAC,401772788,28cb7571-31cb-11f0-a687-2b56ff546787,LV,28cb7572-31cb-11f0-a687-2b56ff546787,LAC,1764537900000
2835ec30-31cb-11f0-8209-f386d3264813,,BUF @ HOU,401772946,2835ec31-31cb-11f0-8209-f386d3264813,BUF,2835ec32-31cb-11f0-8209-f386d3264813,HOU,1763687700000
25a27010-31cb-11f0-a687-2b56ff546787,,NE @ BUF,401772922,25a27011-31cb-11f0-a687-2b56ff546787,NE,25a27012-31cb-11f0-a687-2b56ff546787,BUF,1759710000000
2a3a95d0-31cb-11f0-ab53-41ce0449976f,,PIT @ DET,401772806,2a3a95d1-31cb-11f0-ab53-41ce0449976f,PIT,2a3a95d2-31cb-11f0-ab53-41ce0449976f,DET,1766352300000
2aaa6ea0-31cb-11f0-ab53-41ce0449976f,,JAX @ IND,401772915,2aaa6ea1-31cb-11f0-ab53-41ce0449976f,JAX,2aaa6ea2-31cb-11f0-ab53-41ce0449976f,IND,1766944800000
2b208900-31cb-11f0-8209-f386d3264813,,NO @ ATL,401772966,2b208901-31cb-11f0-8209-f386d3264813,NO,2b208902-31cb-11f0-8209-f386d3264813,ATL,1767502800000
25527b51-31cb-11f0-8209-f386d3264813,,MIN @ PIT,401772632,25527b52-31cb-11f0-8209-f386d3264813,MIN,25527b53-31cb-11f0-8209-f386d3264813,PIT,1759066200000
250dd130-31cb-11f0-8209-f386d3264813,,HOU @ JAX,401772734,250dd131-31cb-11f0-8209-f386d3264813,HOU,250dd132-31cb-11f0-8209-f386d3264813,JAX,1758474000000
263b54b0-31cb-11f0-a687-2b56ff546787,,NYG @ DEN,401772757,263b54b1-31cb-11f0-a687-2b56ff546787,NYG,263b54b2-31cb-11f0-a687-2b56ff546787,DEN,1760904300000
27c772f0-31cb-11f0-8209-f386d3264813,,DAL @ LV,401772819,27c772f1-31cb-11f0-8209-f386d3264813,DAL,27c772f2-31cb-11f0-8209-f386d3264813,LV,1763428500000
297793f0-31cb-11f0-a687-2b56ff546787,,CIN @ BUF,401772902,297793f1-31cb-11f0-a687-2b56ff546787,CIN,297793f2-31cb-11f0-a687-2b56ff546787,BUF,1765142700000
2554c540-31cb-11f0-8209-f386d3264813,,JAX @ SF,401772848,2554c541-31cb-11f0-8209-f386d3264813,JAX,2554c542-31cb-11f0-8209-f386d3264813,SF,1759089900000
2aa824b0-31cb-11f0-ab53-41ce0449976f,,DET @ MIN,401772711,2aa824b1-31cb-11f0-ab53-41ce0449976f,DET,2aa824b2-31cb-11f0-ab53-41ce0449976f,MIN,1766698200000
27c48cc0-31cb-11f0-8209-f386d3264813,,CAR @ ATL,401772882,27c48cc1-31cb-11f0-8209-f386d3264813,CAR,27c48cc2-31cb-11f0-8209-f386d3264813,ATL,1763316000000
2552c970-31cb-11f0-8209-f386d3264813,,WSH @ ATL,401772739,2552c971-31cb-11f0-8209-f386d3264813,WSH,2552c972-31cb-11f0-8209-f386d3264813,ATL,1759078800000
2b22abe0-31cb-11f0-8209-f386d3264813,,ARI @ LAR,401772955,2b22abe1-31cb-11f0-8209-f386d3264813,ARI,2b22abe2-31cb-11f0-8209-f386d3264813,LAR,1767502800000
24c381c0-31cb-11f0-8209-f386d3264813,,LAC @ LV,401772811,24c381c1-31cb-11f0-8209-f386d3264813,LAC,24c381c2-31cb-11f0-8209-f386d3264813,LV,1757988000000
29d396a0-31cb-11f0-a687-2b56ff546787,,WSH @ NYG,401772905,29d396a1-31cb-11f0-a687-2b56ff546787,WSH,29d396a2-31cb-11f0-a687-2b56ff546787,NYG,1765735200000
2707cc70-31cb-11f0-ab53-41ce0449976f,,SEA @ WSH,401772926,2707cc71-31cb-11f0-ab53-41ce0449976f,SEA,2707cc72-31cb-11f0-ab53-41ce0449976f,WSH,1762132800000
2695d0c0-31cb-11f0-ab53-41ce0449976f,,TEN @ IND,401772761,2695d0c1-31cb-11f0-ab53-41ce0449976f,TEN,2695d0c2-31cb-11f0-ab53-41ce0449976f,IND,1761510300000
2473db20-31cb-11f0-ab53-41ce0449976f,-0.5,MIA @ IND,401772719,2473db21-31cb-11f0-ab53-41ce0449976f,MIA,2473db22-31cb-11f0-ab53-41ce0449976f,IND,1757264400000
27c68890-31cb-11f0-8209-f386d3264813,,SF @ ARI,401772885,27c68891-31cb-11f0-8209-f386d3264813,SF,27c68892-31cb-11f0-8209-f386d3264813,ARI,1763327100000
2b240b70-31cb-11f0-8209-f386d3264813,,BAL @ PIT,401772960,2b240b71-31cb-11f0-8209-f386d3264813,BAL,2b240b72-31cb-11f0-8209-f386d3264813,PIT,1767502800000
275c2e00-31cb-11f0-ab53-41ce0449976f,,PHI @ GB,401772630,275c2e01-31cb-11f0-ab53-41ce0449976f,PHI,275c2e02-31cb-11f0-ab53-41ce0449976f,GB,1762823700000
25a15ea0-31cb-11f0-a687-2b56ff546787,,TEN @ ARI,401772747,25a15ea1-31cb-11f0-a687-2b56ff546787,TEN,25a15ea2-31cb-11f0-a687-2b56ff546787,ARI,1759694700000
247317d0-31cb-11f0-ab53-41ce0449976f,2.5,KC @ LAC,401772714,247317d1-31cb-11f0-ab53-41ce0449976f,KC,247317d2-31cb-11f0-ab53-41ce0449976f,LAC,1757116800000
2693d4f0-31cb-11f0-ab53-41ce0449976f,,CLE @ NE,401772868,2693d4f1-31cb-11f0-ab53-41ce0449976f,CLE,2693d4f2-31cb-11f0-ab53-41ce0449976f,NE,1761498000000
250b3920-31cb-11f0-8209-f386d3264813,,MIA @ BUF,401772937,250b3921-31cb-11f0-8209-f386d3264813,MIA,250b3922-31cb-11f0-8209-f386d3264813,BUF,1758240900000
27c61360-31cb-11f0-8209-f386d3264813,,LAC @ JAX,401772775,27c61361-31cb-11f0-8209-f386d3264813,LAC,27c61362-31cb-11f0-8209-f386d3264813,JAX,1763316000000
2aab0ae0-31cb-11f0-ab53-41ce0449976f,,NE @ NYJ,401772808,2aab0ae1-31cb-11f0-ab53-41ce0449976f,NE,2aab0ae2-31cb-11f0-ab53-41ce0449976f,NYJ,1766944800000
275a3230-31cb-11f0-ab53-41ce0449976f,,CLE @ NYJ,401772769,275a3231-31cb-11f0-ab53-41ce0449976f,CLE,275a3232-31cb-11f0-ab53-41ce0449976f,NYJ,1762711200000
2551df10-31cb-11f0-8209-f386d3264813,,SEA @ ARI,401772938,2551df11-31cb-11f0-8209-f386d3264813,SEA,2551df12-31cb-11f0-8209-f386d3264813,ARI,1758845700000
2b212540-31cb-11f0-8209-f386d3264813,,NYJ @ BUF,401772967,2b212541-31cb-11f0-8209-f386d3264813,NYJ,2b212542-31cb-11f0-8209-f386d3264813,BUF,1767502800000
250e6d70-31cb-11f0-8209-f386d3264813,,NO @ SEA,401772736,250e6d71-31cb-11f0-8209-f386d3264813,NO,250e6d72-31cb-11f0-8209-f386d3264813,SEA,1758485100000
26961ee0-31cb-11f0-ab53-41ce0449976f,,GB @ PIT,401772925,26961ee1-31cb-11f0-ab53-41ce0449976f,GB,26961ee2-31cb-11f0-ab53-41ce0449976f,PIT,1761524400000
2706e210-31cb-11f0-ab53-41ce0449976f,,DEN @ HOU,401772870,2706e211-31cb-11f0-ab53-41ce0449976f,DEN,2706e212-31cb-11f0-ab53-41ce0449976f,HOU,1762106400000
28c8dd60-31cb-11f0-a687-2b56ff546787,,CHI @ PHI,401772621,28c8dd61-31cb-11f0-a687-2b56ff546787,CHI,28c8dd62-31cb-11f0-a687-2b56ff546787,PHI,1764360000000
2976f7b0-31cb-11f0-a687-2b56ff546787,,PIT @ BAL,401772791,2976f7b1-31cb-11f0-a687-2b56ff546787,PIT,2976f7b2-31cb-11f0-a687-2b56ff546787,BAL,1765130400000
25f5c030-31cb-11f0-a687-2b56ff546787,,BUF @ ATL,401772815,25f5c031-31cb-11f0-a687-2b56ff546787,BUF,25f5c032-31cb-11f0-a687-2b56ff546787,ATL,1760397300000
2b23bd50-31cb-11f0-8209-f386d3264813,,WSH @ PHI,401772959,2b23bd51-31cb-11f0-8209-f386d3264813,WSH,2b23bd52-31cb-11f0-8209-f386d3264813,PHI,1767502800000
2aa8c0f0-31cb-11f0-ab53-41ce0449976f,,ARI @ CIN,401772954,2aa8c0f1-31cb-11f0-ab53-41ce0449976f,ARI,2aa8c0f2-31cb-11f0-ab53-41ce0449976f,CIN,1766811600000
24c2e580-31cb-11f0-8209-f386d3264813,,ATL @ MIN,401772919,24c2e581-31cb-11f0-8209-f386d3264813,ATL,24c2e582-31cb-11f0-8209-f386d3264813,MIN,1757895600000
25f2da00-31cb-11f0-a687-2b56ff546787,,ARI @ IND,401772856,25f2da01-31cb-11f0-a687-2b56ff546787,ARI,25f2da02-31cb-11f0-a687-2b56ff546787,IND,1760288400000
2aaabcc0-31cb-11f0-ab53-41ce0449976f,,TB @ MIA,401772916,2aaabcc1-31cb-11f0-ab53-41ce0449976f,TB,2aaabcc2-31cb-11f0-ab53-41ce0449976f,MIA,1766944800000
250c4a90-31cb-11f0-8209-f386d3264813,,CIN @ MIN,401772731,250c4a91-31cb-11f0-8209-f386d3264813,CIN,250c4a92-31cb-11f0-8209-f386d3264813,MIN,1758474000000
28cc38c0-31cb-11f0-a687-2b56ff546787,,NYG @ NE,401772821,28cc38c1-31cb-11f0-a687-2b56ff546787,NYG,28cc38c2-31cb-11f0-a687-2b56ff546787,NE,1764638100000
2836af80-31cb-11f0-8209-f386d3264813,,PIT @ CHI,401772780,2836af81-31cb-11f0-8209-f386d3264813,PIT,2836af82-31cb-11f0-8209-f386d3264813,CHI,1763920800000
25f4d5d0-31cb-11f0-a687-2b56ff546787,,TEN @ LV,401772859,25f4d5d1-31cb-11f0-a687-2b56ff546787,TEN,25f4d5d2-31cb-11f0-a687-2b56ff546787,LV,1760299500000
29d459f0-31cb-11f0-a687-2b56ff546787,,ARI @ HOU,401772903,29d459f1-31cb-11f0-a687-2b56ff546787,ARI,29d459f2-31cb-11f0-a687-2b56ff546787,HOU,1765735200000
24c27050-31cb-11f0-8209-f386d3264813,,CAR @ ARI,401772730,24c27051-31cb-11f0-8209-f386d3264813,CAR,24c27052-31cb-11f0-8209-f386d3264813,ARI,1757880300000
275b91c0-31cb-11f0-ab53-41ce0449976f,,DET @ WSH,401772878,275b91c1-31cb-11f0-ab53-41ce0449976f,DET,275b91c2-31cb-11f0-ab53-41ce0449976f,WSH,1762723500000
2b2236b0-31cb-11f0-8209-f386d3264813,,LAC @ DEN,401772956,2b2236b1-31cb-11f0-8209-f386d3264813,LAC,2b2236b2-31cb-11f0-8209-f386d3264813,DEN,1767502800000
25533ea0-31cb-11f0-8209-f386d3264813,,CLE @ DET,401772846,25533ea1-31cb-11f0-8209-f386d3264813,CLE,25533ea2-31cb-11f0-8209-f386d3264813,DET,1759078800000
27c37b50-31cb-11f0-8209-f386d3264813,,NYJ @ NE,401772945,27c37b51-31cb-11f0-8209-f386d3264813,NYJ,27c37b52-31cb-11f0-8209-f386d3264813,NE,1763082900000
2a3a20a0-31cb-11f0-ab53-41ce0449976f,,JAX @ DEN,401772913,2a3a20a1-31cb-11f0-ab53-41ce0449976f,JAX,2a3a20a2-31cb-11f0-ab53-41ce0449976f,DEN,1766351100000
2474ec90-31cb-11f0-ab53-41ce0449976f,-6.5,NYG @ WSH,401772827,2474ec91-31cb-11f0-ab53-41ce0449976f,NYG,2474ec92-31cb-11f0-ab53-41ce0449976f,WSH,1757264400000
24bd4030-31cb-11f0-8209-f386d3264813,,WSH @ GB,401772936,24bd4031-31cb-11f0-8209-f386d3264813,WSH,24bd4032-31cb-11f0-8209-f386d3264813,GB,1757636100000
263a9160-31cb-11f0-a687-2b56ff546787,,LV @ KC,401772753,263a9161-31cb-11f0-a687-2b56ff546787,LV,263a9162-31cb-11f0-a687-2b56ff546787,KC,1760893200000
283995b0-31cb-11f0-8209-f386d3264813,,CAR @ SF,401772820,283995b1-31cb-11f0-8209-f386d3264813,CAR,283995b2-31cb-11f0-8209-f386d3264813,SF,1764033300000
2976d0a0-31cb-11f0-a687-2b56ff546787,,IND @ JAX,401772793,2976d0a1-31cb-11f0-a687-2b56ff546787,IND,2976d0a2-31cb-11f0-a687-2b56ff546787,JAX,1765130400000
2b243280-31cb-11f0-8209-f386d3264813,,SEA @ SF,401772961,2b243281-31cb-11f0-8209-f386d3264813,SEA,2b243282-31cb-11f0-8209-f386d3264813,SF,1767502800000
2aaba720-31cb-11f0-ab53-41ce0449976f,,CHI @ SF,401772935,2aaba721-31cb-11f0-ab53-41ce0449976f,CHI,2aaba722-31cb-11f0-ab53-41ce0449976f,SF,1766971200000
25f32820-31cb-11f0-a687-2b56ff546787,,LAC @ MIA,401772750,25f32821-31cb-11f0-a687-2b56ff546787,LAC,25f32822-31cb-11f0-a687-2b56ff546787,MIA,1760288400000
2a395d50-31cb-11f0-ab53-41ce0449976f,,MIN @ NYG,401772911,2a395d51-31cb-11f0-ab53-41ce0449976f,MIN,2a395d52-31cb-11f0-ab53-41ce0449976f,NYG,1766340000000
27077e50-31cb-11f0-ab53-41ce0449976f,,KC @ BUF,401772768,27077e51-31cb-11f0-ab53-41ce0449976f,KC,27077e52-31cb-11f0-ab53-41ce0449976f,BUF,1762118700000
263c8d30-31cb-11f0-a687-2b56ff546787,,TB @ DET,401772816,263c8d31-31cb-11f0-a687-2b56ff546787,TB,263c8d32-31cb-11f0-a687-2b56ff546787,DET,1761001200000
28c84120-31cb-11f0-a687-2b56ff546787,,KC @ DAL,401772694,28c84121-31cb-11f0-a687-2b56ff546787,KC,28c84122-31cb-11f0-a687-2b56ff546787,DAL,1764279000000
275bdfe0-31cb-11f0-ab53-41ce0449976f,,PIT @ LAC,401772927,275bdfe1-31cb-11f0-ab53-41ce0449976f,PIT,275bdfe2-31cb-11f0-ab53-41ce0449976f,LAC,1762737600000
25538cc0-31cb-11f0-8209-f386d3264813,,CAR @ NE,401772847,25538cc1-31cb-11f0-8209-f386d3264813,CAR,25538cc2-31cb-11f0-8209-f386d3264813,NE,1759078800000
2a39d280-31cb-11f0-ab53-41ce0449976f,,NE @ BAL,401772804,2a39d281-31cb-11f0-ab53-41ce0449976f,NE,2a39d282-31cb-11f0-ab53-41ce0449976f,BAL,1766340000000
2b21e890-31cb-11f0-8209-f386d3264813,,CLE @ CIN,401772964,2b21e891-31cb-11f0-8209-f386d3264813,CLE,2b21e892-31cb-11f0-8209-f386d3264813,CIN,1767502800000
250e9480-31cb-11f0-8209-f386d3264813,,DAL @ CHI,401772844,250e9481-31cb-11f0-8209-f386d3264813,DAL,250e9482-31cb-11f0-8209-f386d3264813,CHI,1758486300000
2475d6f0-31cb-11f0-ab53-41ce0449976f,0.5,DET @ GB,401772722,2475d6f1-31cb-11f0-ab53-41ce0449976f,DET,2475d6f2-31cb-11f0-ab53-41ce0449976f,GB,1757276700000
2639a700-31cb-11f0-a687-2b56ff546787,,LAR @ JAX,401772635,2639a701-31cb-11f0-a687-2b56ff546787,LAR,2639a702-31cb-11f0-a687-2b56ff546787,JAX,1760880600000
28394790-31cb-11f0-8209-f386d3264813,,TB @ LAR,401772929,28394791-31cb-11f0-8209-f386d3264813,TB,28394792-31cb-11f0-8209-f386d3264813,LAR,1763947200000
28c9eed0-31cb-11f0-a687-2b56ff546787,,NO @ MIA,401772892,28c9eed1-31cb-11f0-a687-2b56ff546787,NO,28c9eed2-31cb-11f0-a687-2b56ff546787,MIA,1764525600000
27c5c540-31cb-11f0-8209-f386d3264813,,CIN @ PIT,401772774,27c5c541-31cb-11f0-8209-f386d3264813,CIN,27c5c542-31cb-11f0-8209-f386d3264813,PIT,1763316000000
2aab5900-31cb-11f0-ab53-41ce0449976f,,PHI @ BUF,401772917,2aab5901-31cb-11f0-ab53-41ce0449976f,PHI,2aab5902-31cb-11f0-ab53-41ce0449976f,BUF,1766957100000
25a185b0-31cb-11f0-a687-2b56ff546787,,TB @ SEA,401772746,25a185b1-31cb-11f0-a687-2b56ff546787,TB,25a185b2-31cb-11f0-a687-2b56ff546787,SEA,1759694700000
2b217360-31cb-11f0-8209-f386d3264813,,DET @ CHI,401772965,2b217361-31cb-11f0-8209-f386d3264813,DET,2b217362-31cb-11f0-8209-f386d3264813,CHI,1767502800000
270693f0-31cb-11f0-ab53-41ce0449976f,,IND @ PIT,401772766,270693f1-31cb-11f0-ab53-41ce0449976f,IND,270693f2-31cb-11f0-ab53-41ce0449976f,PIT,1762106400000
263cdb50-31cb-11f0-a687-2b56ff546787,,HOU @ SEA,401772826,263cdb51-31cb-11f0-a687-2b56ff546787,HOU,263cdb52-31cb-11f0-a687-2b56ff546787,SEA,1761012000000
2977e210-31cb-11f0-a687-2b56ff546787,,LAR @ ARI,401772901,2977e211-31cb-11f0-a687-2b56ff546787,LAR,2977e212-31cb-11f0-a687-2b56ff546787,ARI,1765142700000
25f43990-31cb-11f0-a687-2b56ff546787,,SEA @ JAX,401772857,25f43991-31cb-11f0-a687-2b56ff546787,SEA,25f43992-31cb-11f0-a687-2b56ff546787,JAX,1760288400000
25551360-31cb-11f0-8209-f386d3264813,,BAL @ KC,401772741,25551361-31cb-11f0-8209-f386d3264813,BAL,25551362-31cb-11f0-8209-f386d3264813,KC,1759091100000
275af580-31cb-11f0-ab53-41ce0449976f,,JAX @ HOU,401772770,275af581-31cb-11f0-ab53-41ce0449976f,JAX,275af582-31cb-11f0-ab53-41ce0449976f,HOU,1762711200000
2aa90f10-31cb-11f0-ab53-41ce0449976f,,BAL @ GB,401772953,2aa90f11-31cb-11f0-ab53-41ce0449976f,BAL,2aa90f12-31cb-11f0-ab53-41ce0449976f,GB,1766811600000
24c1d410-31cb-11f0-8209-f386d3264813,,CLE @ BAL,401772726,24c1d411-31cb-11f0-8209-f386d3264813,CLE,24c1d412-31cb-11f0-8209-f386d3264813,BAL,1757869200000
250ee2a0-31cb-11f0-8209-f386d3264813,,ARI @ SF,401772843,250ee2a1-31cb-11f0-8209-f386d3264813,ARI,250ee2a2-31cb-11f0-8209-f386d3264813,SF,1758486300000
29763460-31cb-11f0-a687-2b56ff546787,,MIA @ NYJ,401772790,29763461-31cb-11f0-a687-2b56ff546787,MIA,29763462-31cb-11f0-a687-2b56ff546787,NYJ,1765130400000
25558890-31cb-11f0-8209-f386d3264813,,GB @ DAL,401772921,25558891-31cb-11f0-8209-f386d3264813,GB,25558892-31cb-11f0-8209-f386d3264813,DAL,1759105200000
29d5b980-31cb-11f0-a687-2b56ff546787,,IND @ SEA,401772799,29d5b981-31cb-11f0-a687-2b56ff546787,IND,29d5b982-31cb-11f0-a687-2b56ff546787,SEA,1765747500000
24c15ee0-31cb-11f0-8209-f386d3264813,,SEA @ PIT,401772836,24c15ee1-31cb-11f0-8209-f386d3264813,SEA,24c15ee2-31cb-11f0-8209-f386d3264813,PIT,1757869200000
24bf8a20-31cb-11f0-8209-f386d3264813,,CHI @ DET,401772835,24bf8a21-31cb-11f0-8209-f386d3264813,CHI,24bf8a22-31cb-11f0-8209-f386d3264813,DET,1757869200000
2705a990-31cb-11f0-ab53-41ce0449976f,,CAR @ GB,401772872,2705a991-31cb-11f0-ab53-41ce0449976f,CAR,2705a992-31cb-11f0-ab53-41ce0449976f,GB,1762106400000
250d34f0-31cb-11f0-8209-f386d3264813,,LV @ WSH,401772841,250d34f1-31cb-11f0-8209-f386d3264813,LV,250d34f2-31cb-11f0-8209-f386d3264813,WSH,1758474000000
24725480-31cb-11f0-ab53-41ce0449976f,-6.5,DAL @ PHI,401772510,24727b90-31cb-11f0-ab53-41ce0449976f,DAL,24727b91-31cb-11f0-ab53-41ce0449976f,PHI,1757042940000
29783030-31cb-11f0-a687-2b56ff546787,,HOU @ KC,401772932,29783031-31cb-11f0-a687-2b56ff546787,HOU,29783032-31cb-11f0-a687-2b56ff546787,KC,1765156800000
2836fda0-31cb-11f0-8209-f386d3264813,,NE @ CIN,401772781,2836fda1-31cb-11f0-8209-f386d3264813,NE,2836fda2-31cb-11f0-8209-f386d3264813,CIN,1763920800000
25f487b0-31cb-11f0-a687-2b56ff546787,,LAR @ BAL,401772855,25f487b1-31cb-11f0-a687-2b56ff546787,LAR,25f487b2-31cb-11f0-a687-2b56ff546787,BAL,1760288400000
24c22230-31cb-11f0-8209-f386d3264813,,DEN @ IND,401772729,24c22231-31cb-11f0-8209-f386d3264813,DEN,24c22232-31cb-11f0-8209-f386d3264813,IND,1757880300000
275b43a0-31cb-11f0-ab53-41ce0449976f,,ARI @ SEA,401772773,275b43a1-31cb-11f0-ab53-41ce0449976f,ARI,275b43a2-31cb-11f0-ab53-41ce0449976f,SEA,1762722300000
29d36f90-31cb-11f0-a687-2b56ff546787,,BUF @ NE,401772795,29d36f91-31cb-11f0-a687-2b56ff546787,BUF,29d36f92-31cb-11f0-a687-2b56ff546787,NE,1765735200000
2a3a6ec0-31cb-11f0-ab53-41ce0449976f,,ATL @ ARI,401772914,2a3a6ec1-31cb-11f0-ab53-41ce0449976f,ATL,2a3a6ec2-31cb-11f0-ab53-41ce0449976f,ARI,1766351100000
2aa9f970-31cb-11f0-ab53-41ce0449976f,,PIT @ CLE,401772807,2aa9f971-31cb-11f0-ab53-41ce0449976f,PIT,2aa9f972-31cb-11f0-ab53-41ce0449976f,CLE,1766944800000
24753ab0-31cb-11f0-ab53-41ce0449976f,-2.5,CAR @ JAX,401772828,24753ab1-31cb-11f0-ab53-41ce0449976f,CAR,24753ab2-31cb-11f0-ab53-41ce0449976f,JAX,1757264400000
26942310-31cb-11f0-ab53-41ce0449976f,,NYG @ PHI,401772867,26942311-31cb-11f0-ab53-41ce0449976f,NYG,26942312-31cb-11f0-ab53-41ce0449976f,PHI,1761498000000
263a4340-31cb-11f0-a687-2b56ff546787,,NE @ TEN,401772755,263a4341-31cb-11f0-a687-2b56ff546787,NE,263a4342-31cb-11f0-a687-2b56ff546787,TEN,1760893200000
28c95290-31cb-11f0-a687-2b56ff546787,,JAX @ TEN,401772786,28c95291-31cb-11f0-a687-2b56ff546787,JAX,28c95292-31cb-11f0-a687-2b56ff546787,TEN,1764525600000
2b2480a0-31cb-11f0-8209-f386d3264813,,CAR @ TB,401772969,2b2480a1-31cb-11f0-8209-f386d3264813,CAR,2b2480a2-31cb-11f0-8209-f386d3264813,TB,1767502800000
2555d6b0-31cb-11f0-8209-f386d3264813,,NYJ @ MIA,401772813,2555d6b1-31cb-11f0-8209-f386d3264813,NYJ,2555d6b2-31cb-11f0-8209-f386d3264813,MIA,1759187700000
25a221f0-31cb-11f0-a687-2b56ff546787,,WSH @ LAC,401772853,25a221f1-31cb-11f0-a687-2b56ff546787,WSH,25a221f2-31cb-11f0-a687-2b56ff546787,LAC,1759695900000
275a8050-31cb-11f0-ab53-41ce0449976f,,NE @ TB,401772772,275a8051-31cb-11f0-ab53-41ce0449976f,NE,275a8052-31cb-11f0-ab53-41ce0449976f,TB,1762711200000
29d1c1e0-31cb-11f0-a687-2b56ff546787,,ATL @ TB,401772948,29d1e8f0-31cb-11f0-a687-2b56ff546787,ATL,29d1e8f1-31cb-11f0-a687-2b56ff546787,TB,1765502100000
2692c380-31cb-11f0-ab53-41ce0449976f,,MIN @ LAC,401772942,2692c381-31cb-11f0-ab53-41ce0449976f,MIN,2692c382-31cb-11f0-ab53-41ce0449976f,LAC,1761264900000
28cb0040-31cb-11f0-a687-2b56ff546787,,MIN @ SEA,401772896,28cb0041-31cb-11f0-a687-2b56ff546787,MIN,28cb0042-31cb-11f0-a687-2b56ff546787,SEA,1764536700000
25f39d50-31cb-11f0-a687-2b56ff546787,,SF @ TB,401772749,25f39d51-31cb-11f0-a687-2b56ff546787,SF,25f39d52-31cb-11f0-a687-2b56ff546787,TB,1760288400000
29d32170-31cb-11f0-a687-2b56ff546787,,LAC @ KC,401772798,29d32171-31cb-11f0-a687-2b56ff546787,LAC,29d32172-31cb-11f0-a687-2b56ff546787,KC,1765735200000
2a38e820-31cb-11f0-ab53-41ce0449976f,,KC @ TEN,401772803,2a38e821-31cb-11f0-ab53-41ce0449976f,KC,2a38e822-31cb-11f0-ab53-41ce0449976f,TEN,1766340000000
24be78b0-31cb-11f0-8209-f386d3264813,,JAX @ CIN,401772725,24be78b1-31cb-11f0-8209-f386d3264813,JAX,24be78b2-31cb-11f0-8209-f386d3264813,CIN,1757869200000
2473b410-31cb-11f0-ab53-41ce0449976f,5.5,CIN @ CLE,401772829,2473b411-31cb-11f0-ab53-41ce0449976f,CIN,2473b412-31cb-11f0-ab53-41ce0449976f,CLE,1757264400000
263bc9e0-31cb-11f0-a687-2b56ff546787,,WSH @ DAL,401772864,263bc9e1-31cb-11f0-a687-2b56ff546787,WSH,263bc9e2-31cb-11f0-a687-2b56ff546787,DAL,1760905500000
28385d30-31cb-11f0-8209-f386d3264813,,CLE @ LV,401772784,28385d31-31cb-11f0-8209-f386d3264813,CLE,28385d32-31cb-11f0-8209-f386d3264813,LV,1763931900000
28c90470-31cb-11f0-a687-2b56ff546787,,SF @ CLE,401772785,28c90471-31cb-11f0-a687-2b56ff546787,SF,28c90472-31cb-11f0-a687-2b56ff546787,CLE,1764525600000
27c6afa0-31cb-11f0-8209-f386d3264813,,BAL @ CLE,401772777,27c6afa1-31cb-11f0-8209-f386d3264813,BAL,27c6afa2-31cb-11f0-8209-f386d3264813,CLE,1763328300000
29d51d40-31cb-11f0-a687-2b56ff546787,,CAR @ NO,401772908,29d51d41-31cb-11f0-a687-2b56ff546787,CAR,29d51d42-31cb-11f0-a687-2b56ff546787,NO,1765747500000
2b22fa00-31cb-11f0-8209-f386d3264813,,GB @ MIN,401772968,2b22fa01-31cb-11f0-8209-f386d3264813,GB,2b22fa02-31cb-11f0-8209-f386d3264813,MIN,1767502800000
24c0c2a0-31cb-11f0-8209-f386d3264813,,SF @ NO,401772833,24c0c2a1-31cb-11f0-8209-f386d3264813,SF,24c0c2a2-31cb-11f0-8209-f386d3264813,NO,1757869200000
24769a40-31cb-11f0-ab53-41ce0449976f,-0.5,MIN @ CHI,401772810,24769a41-31cb-11f0-ab53-41ce0449976f,MIN,24769a42-31cb-11f0-ab53-41ce0449976f,CHI,1757376900000
259fff10-31cb-11f0-a687-2b56ff546787,,NYG @ NO,401772744,259fff11-31cb-11f0-a687-2b56ff546787,NYG,259fff12-31cb-11f0-a687-2b56ff546787,NO,1759683600000
270645d0-31cb-11f0-ab53-41ce0449976f,,SF @ NYG,401772767,270645d1-31cb-11f0-ab53-41ce0449976f,SF,270645d2-31cb-11f0-ab53-41ce0449976f,NYG,1762106400000
2638e3b0-31cb-11f0-a687-2b56ff546787,,PIT @ CIN,401772941,2638e3b1-31cb-11f0-a687-2b56ff546787,PIT,2638e3b2-31cb-11f0-a687-2b56ff546787,CIN,1760660100000
283799e0-31cb-11f0-8209-f386d3264813,,SEA @ TEN,401772886,2837c0f0-31cb-11f0-8209-f386d3264813,SEA,2837c0f1-31cb-11f0-8209-f386d3264813,TEN,1763920800000
27c501f0-31cb-11f0-8209-f386d3264813,,HOU @ TEN,401772881,27c501f1-31cb-11f0-8209-f386d3264813,HOU,27c501f2-31cb-11f0-8209-f386d3264813,TEN,1763316000000
297522f0-31cb-11f0-a687-2b56ff546787,,SEA @ ATL,401772900,297522f1-31cb-11f0-a687-2b56ff546787,SEA,297522f2-31cb-11f0-a687-2b56ff546787,ATL,1765130400000
29d2d350-31cb-11f0-a687-2b56ff546787,,BAL @ CIN,401772796,29d2d351-31cb-11f0-a687-2b56ff546787,BAL,29d2d352-31cb-11f0-a687-2b56ff546787,CIN,1765735200000
25f3eb70-31cb-11f0-a687-2b56ff546787,,DAL @ CAR,401772858,25f3eb71-31cb-11f0-a687-2b56ff546787,DAL,25f3eb72-31cb-11f0-a687-2b56ff546787,CAR,1760288400000
275aa760-31cb-11f0-ab53-41ce0449976f,,NO @ CAR,401772877,275aa761-31cb-11f0-ab53-41ce0449976f,NO,275aa762-31cb-11f0-ab53-41ce0449976f,CAR,1762711200000
2a389a00-31cb-11f0-ab53-41ce0449976f,,LAC @ DAL,401772910,2a389a01-31cb-11f0-ab53-41ce0449976f,LAC,2a389a02-31cb-11f0-ab53-41ce0449976f,DAL,1766340000000
259e5160-31cb-11f0-a687-2b56ff546787,,SF @ LAR,401772939,259e5161-31cb-11f0-a687-2b56ff546787,SF,259e5162-31cb-11f0-a687-2b56ff546787,LAR,1759450500000
27070920-31cb-11f0-ab53-41ce0449976f,,JAX @ LV,401772873,27070921-31cb-11f0-ab53-41ce0449976f,JAX,27070922-31cb-11f0-ab53-41ce0449976f,LV,1762117500000
24749e70-31cb-11f0-ab53-41ce0449976f,2.5,PIT @ NYJ,401772721,24749e71-31cb-11f0-ab53-41ce0449976f,PIT,24749e72-31cb-11f0-ab53-41ce0449976f,NYJ,1757264400000
28380f10-31cb-11f0-8209-f386d3264813,,NYJ @ BAL,401772782,28380f11-31cb-11f0-8209-f386d3264813,NYJ,28380f12-31cb-11f0-8209-f386d3264813,BAL,1763920800000
27c6fdc0-31cb-11f0-8209-f386d3264813,,KC @ DEN,401772778,27c6fdc1-31cb-11f0-8209-f386d3264813,KC,27c6fdc2-31cb-11f0-8209-f386d3264813,DEN,1763328300000
25553a70-31cb-11f0-8209-f386d3264813,,CHI @ LV,401772742,25553a71-31cb-11f0-8209-f386d3264813,CHI,25553a72-31cb-11f0-8209-f386d3264813,LV,1759091100000
2b251ce0-31cb-11f0-8209-f386d3264813,,IND @ HOU,401772962,2b251ce1-31cb-11f0-8209-f386d3264813,IND,2b251ce2-31cb-11f0-8209-f386d3264813,HOU,1767502800000
2a3b8030-31cb-11f0-ab53-41ce0449976f,,SF @ IND,401772824,2a3b8031-31cb-11f0-ab53-41ce0449976f,SF,2a3b8032-31cb-11f0-ab53-41ce0449976f,IND,1766452500000
25a04d30-31cb-11f0-a687-2b56ff546787,,DAL @ NYJ,401772850,25a04d31-31cb-11f0-a687-2b56ff546787,DAL,25a04d32-31cb-11f0-a687-2b56ff546787,NYJ,1759683600000
24c110c0-31cb-11f0-8209-f386d3264813,,BUF @ NYJ,401772727,24c110c1-31cb-11f0-8209-f386d3264813,BUF,24c110c2-31cb-11f0-8209-f386d3264813,NYJ,1757869200000
24764c20-31cb-11f0-ab53-41ce0449976f,-1.5,BAL @ BUF,401772918,24764c21-31cb-11f0-ab53-41ce0449976f,BAL,24764c22-31cb-11f0-ab53-41ce0449976f,BUF,1757290800000
27055b70-31cb-11f0-ab53-41ce0449976f,,MIN @ DET,401772871,27055b71-31cb-11f0-ab53-41ce0449976f,MIN,27055b72-31cb-11f0-ab53-41ce0449976f,DET,1762106400000
26935fc0-31cb-11f0-ab53-41ce0449976f,,MIA @ ATL,401772760,26935fc1-31cb-11f0-ab53-41ce0449976f,MIA,26935fc2-31cb-11f0-ab53-41ce0449976f,ATL,1761498000000
28ca6400-31cb-11f0-a687-2b56ff546787,,ARI @ TB,401772895,28ca6401-31cb-11f0-a687-2b56ff546787,ARI,28ca6402-31cb-11f0-a687-2b56ff546787,TB,1764525600000
250bae50-31cb-11f0-8209-f386d3264813,,GB @ CLE,401772842,250bae51-31cb-11f0-8209-f386d3264813,GB,250bae52-31cb-11f0-8209-f386d3264813,CLE,1758474000000
27c41790-31cb-11f0-8209-f386d3264813,,WSH @ MIA,401772631,27c41791-31cb-11f0-8209-f386d3264813,WSH,27c41792-31cb-11f0-8209-f386d3264813,MIA,1763303400000
29d28530-31cb-11f0-a687-2b56ff546787,,CLE @ CHI,401772904,29d28531-31cb-11f0-a687-2b56ff546787,CLE,29d28532-31cb-11f0-a687-2b56ff546787,CHI,1765735200000
2553dae0-31cb-11f0-8209-f386d3264813,,LAC @ NYG,401772737,2553dae1-31cb-11f0-8209-f386d3264813,LAC,2553dae2-31cb-11f0-8209-f386d3264813,NYG,1759078800000
2aaa4790-31cb-11f0-ab53-41ce0449976f,,NO @ TEN,401772809,2aaa4791-31cb-11f0-ab53-41ce0449976f,NO,2aaa4792-31cb-11f0-ab53-41ce0449976f,TEN,1766944800000
2759bd00-31cb-11f0-ab53-41ce0449976f,,BUF @ MIA,401772771,2759bd01-31cb-11f0-ab53-41ce0449976f,BUF,2759bd02-31cb-11f0-ab53-41ce0449976f,MIA,1762711200000
2a398460-31cb-11f0-ab53-41ce0449976f,,TB @ CAR,401772912,2a398461-31cb-11f0-ab53-41ce0449976f,TB,2a398462-31cb-11f0-ab53-41ce0449976f,CAR,1766340000000
27075740-31cb-11f0-ab53-41ce0449976f,,NO @ LAR,401772874,27075741-31cb-11f0-ab53-41ce0449976f,NO,27075742-31cb-11f0-ab53-41ce0449976f,LAR,1762117500000
24bf14f0-31cb-11f0-8209-f386d3264813,,NYG @ DAL,401772834,24bf14f1-31cb-11f0-8209-f386d3264813,NYG,24bf14f2-31cb-11f0-8209-f386d3264813,DAL,1757869200000
269645f0-31cb-11f0-ab53-41ce0449976f,,WSH @ KC,401772817,269645f1-31cb-11f0-ab53-41ce0449976f,WSH,269645f2-31cb-11f0-ab53-41ce0449976f,KC,1761610500000
263c6620-31cb-11f0-a687-2b56ff546787,,ATL @ SF,401772924,263c6621-31cb-11f0-a687-2b56ff546787,ATL,263c6622-31cb-11f0-a687-2b56ff546787,SF,1760919600000
2838f970-31cb-11f0-8209-f386d3264813,,PHI @ DAL,401772890,2838f971-31cb-11f0-8209-f386d3264813,PHI,2838f972-31cb-11f0-8209-f386d3264813,DAL,1763933100000
25545010-31cb-11f0-8209-f386d3264813,,TEN @ HOU,401772738,25545011-31cb-11f0-8209-f386d3264813,TEN,25545012-31cb-11f0-8209-f386d3264813,HOU,1759078800000
29d48100-31cb-11f0-a687-2b56ff546787,,GB @ DEN,401772800,29d48101-31cb-11f0-a687-2b56ff546787,GB,29d48102-31cb-11f0-a687-2b56ff546787,DEN,1765747500000
24c29760-31cb-11f0-8209-f386d3264813,,PHI @ KC,401772837,24c29761-31cb-11f0-8209-f386d3264813,PHI,24c29762-31cb-11f0-8209-f386d3264813,KC,1757881500000
2a3b3210-31cb-11f0-ab53-41ce0449976f,,CIN @ MIA,401772934,2a3b3211-31cb-11f0-ab53-41ce0449976f,CIN,2a3b3212-31cb-11f0-ab53-41ce0449976f,MIA,1766366400000
25a09b50-31cb-11f0-a687-2b56ff546787,,DEN @ PHI,401772745,25a09b51-31cb-11f0-a687-2b56ff546787,DEN,25a09b52-31cb-11f0-a687-2b56ff546787,PHI,1759683600000
27047110-31cb-11f0-ab53-41ce0449976f,,BAL @ MIA,401772943,27047111-31cb-11f0-ab53-41ce0449976f,BAL,27047112-31cb-11f0-ab53-41ce0449976f,MIA,1761869700000
2693ade0-31cb-11f0-ab53-41ce0449976f,,NYJ @ CIN,401772758,2693ade1-31cb-11f0-ab53-41ce0449976f,NYJ,2693ade2-31cb-11f0-ab53-41ce0449976f,CIN,1761498000000
250bfc70-31cb-11f0-8209-f386d3264813,,IND @ TEN,401772733,250bfc71-31cb-11f0-8209-f386d3264813,IND,250bfc72-31cb-11f0-8209-f386d3264813,TEN,1758474000000
28cb4e60-31cb-11f0-a687-2b56ff546787,,BUF @ PIT,401772789,28cb4e61-31cb-11f0-a687-2b56ff546787,BUF,28cb4e62-31cb-11f0-a687-2b56ff546787,PIT,1764537900000
297486b0-31cb-11f0-a687-2b56ff546787,,DAL @ DET,401772947,297486b1-31cb-11f0-a687-2b56ff546787,DAL,297486b2-31cb-11f0-a687-2b56ff546787,DET,1764897300000
24c35ab0-31cb-11f0-8209-f386d3264813,,TB @ HOU,401772715,24c35ab1-31cb-11f0-8209-f386d3264813,TB,24c35ab2-31cb-11f0-8209-f386d3264813,HOU,1757977200000
25f34f30-31cb-11f0-a687-2b56ff546787,,CLE @ PIT,401772748,25f34f31-31cb-11f0-a687-2b56ff546787,CLE,25f34f32-31cb-11f0-a687-2b56ff546787,PIT,1760288400000
275a0b20-31cb-11f0-ab53-41ce0449976f,,BAL @ MIN,401772876,275a0b21-31cb-11f0-ab53-41ce0449976f,BAL,275a0b22-31cb-11f0-ab53-41ce0449976f,MIN,1762711200000
2a393640-31cb-11f0-ab53-41ce0449976f,,NYJ @ NO,401772801,2a393641-31cb-11f0-ab53-41ce0449976f,NYJ,2a393642-31cb-11f0-ab53-41ce0449976f,NO,1766340000000
26955b90-31cb-11f0-ab53-41ce0449976f,,DAL @ DEN,401772762,26955b91-31cb-11f0-ab53-41ce0449976f,DAL,26955b92-31cb-11f0-ab53-41ce0449976f,DEN,1761510300000
250df840-31cb-11f0-8209-f386d3264813,,DEN @ LAC,401772735,250df841-31cb-11f0-8209-f386d3264813,DEN,250df842-31cb-11f0-8209-f386d3264813,LAC,1758485100000
263b7bc0-31cb-11f0-a687-2b56ff546787,,IND @ LAC,401772756,263b7bc1-31cb-11f0-a687-2b56ff546787,IND,263b7bc2-31cb-11f0-a687-2b56ff546787,LAC,1760904300000
2838ab50-31cb-11f0-8209-f386d3264813,,JAX @ ARI,401772783,2838ab51-31cb-11f0-8209-f386d3264813,JAX,2838ab52-31cb-11f0-8209-f386d3264813,ARI,1763931900000
29768280-31cb-11f0-a687-2b56ff546787,,NO @ TB,401772792,29768281-31cb-11f0-a687-2b56ff546787,NO,29768282-31cb-11f0-a687-2b56ff546787,TB,1765130400000
25f54b00-31cb-11f0-a687-2b56ff546787,,NE @ NO,401772751,25f54b01-31cb-11f0-a687-2b56ff546787,NE,25f54b02-31cb-11f0-a687-2b56ff546787,NO,1760300700000
29d56b60-31cb-11f0-a687-2b56ff546787,,TEN @ SF,401772907,29d56b61-31cb-11f0-a687-2b56ff546787,TEN,29d56b62-31cb-11f0-a687-2b56ff546787,SF,1765747500000
2b234820-31cb-11f0-8209-f386d3264813,,MIA @ NE,401772958,2b234821-31cb-11f0-8209-f386d3264813,MIA,2b234822-31cb-11f0-8209-f386d3264813,NE,1767502800000
24c07480-31cb-11f0-8209-f386d3264813,,NE @ MIA,401772728,24c07481-31cb-11f0-8209-f386d3264813,NE,24c07482-31cb-11f0-8209-f386d3264813,MIA,1757869200000
275947d0-31cb-11f0-ab53-41ce0449976f,,ATL @ IND,401772636,275947d1-31cb-11f0-ab53-41ce0449976f,ATL,275947d2-31cb-11f0-ab53-41ce0449976f,IND,1762698600000
2a37afa0-31cb-11f0-ab53-41ce0449976f,,GB @ CHI,401772613,2a37afa1-31cb-11f0-ab53-41ce0449976f,GB,2a37afa2-31cb-11f0-ab53-41ce0449976f,CHI,1766206800000
2475afe0-31cb-11f0-ab53-41ce0449976f,1.5,SF @ SEA,401772831,2475afe1-31cb-11f0-ab53-41ce0449976f,SF,2475afe2-31cb-11f0-ab53-41ce0449976f,SEA,1757275500000
2639ce10-31cb-11f0-a687-2b56ff546787,,NO @ CHI,401772861,2639ce11-31cb-11f0-a687-2b56ff546787,NO,2639ce12-31cb-11f0-a687-2b56ff546787,CHI,1760893200000
28392080-31cb-11f0-8209-f386d3264813,,ATL @ NO,401772889,28392081-31cb-11f0-8209-f386d3264813,ATL,28392082-31cb-11f0-8209-f386d3264813,NO,1763933100000
28c9c7c0-31cb-11f0-a687-2b56ff546787,,HOU @ IND,401772787,28c9c7c1-31cb-11f0-a687-2b56ff546787,HOU,28c9c7c2-31cb-11f0-a687-2b56ff546787,IND,1764525600000
29760d50-31cb-11f0-a687-2b56ff546787,,WSH @ MIN,401772899,29760d51-31cb-11f0-a687-2b56ff546787,WSH,29760d52-31cb-11f0-a687-2b56ff546787,MIN,1765130400000
2b24a7b0-31cb-11f0-8209-f386d3264813,,TEN @ JAX,401772970,2b24a7b1-31cb-11f0-8209-f386d3264813,TEN,2b24a7b2-31cb-11f0-8209-f386d3264813,JAX,1767502800000
25f264d0-31cb-11f0-a687-2b56ff546787,,DEN @ NYJ,401772634,25f264d1-31cb-11f0-a687-2b56ff546787,DEN,25f264d2-31cb-11f0-a687-2b56ff546787,NYJ,1760275800000
25a1fae0-31cb-11f0-a687-2b56ff546787,,DET @ CIN,401772854,25a1fae1-31cb-11f0-a687-2b56ff546787,DET,25a1fae2-31cb-11f0-a687-2b56ff546787,CIN,1759695900000
2aa872d0-31cb-11f0-ab53-41ce0449976f,,DEN @ KC,401772622,2aa872d1-31cb-11f0-ab53-41ce0449976f,DEN,2aa872d2-31cb-11f0-ab53-41ce0449976f,KC,1766711700000
2a36ec50-31cb-11f0-ab53-41ce0449976f,,LAR @ SEA,401772949,2a36ec51-31cb-11f0-ab53-41ce0449976f,LAR,2a36ec52-31cb-11f0-ab53-41ce0449976f,SEA,1766106900000
283724b0-31cb-11f0-8209-f386d3264813,,NYG @ DET,401772888,283724b1-31cb-11f0-8209-f386d3264813,NYG,283724b2-31cb-11f0-8209-f386d3264813,DET,1763920800000
25f59920-31cb-11f0-a687-2b56ff546787,,DET @ KC,401772923,25f59921-31cb-11f0-a687-2b56ff546787,DET,25f59922-31cb-11f0-a687-2b56ff546787,KC,1760314800000
29d3e4c0-31cb-11f0-a687-2b56ff546787,,LV @ PHI,401772906,29d3e4c1-31cb-11f0-a687-2b56ff546787,LV,29d3e4c2-31cb-11f0-a687-2b56ff546787,PHI,1765735200000
2aa93620-31cb-11f0-ab53-41ce0449976f,,NYG @ LV,401772950,2aa93621-31cb-11f0-ab53-41ce0449976f,NYG,2aa93622-31cb-11f0-ab53-41ce0449976f,LV,1766811600000
250f09b0-31cb-11f0-8209-f386d3264813,,KC @ NYG,401772920,250f09b1-31cb-11f0-8209-f386d3264813,KC,250f09b2-31cb-11f0-8209-f386d3264813,NYG,1758500400000
247561c0-31cb-11f0-ab53-41ce0449976f,-6.5,TEN @ DEN,401772832,247561c1-31cb-11f0-ab53-41ce0449976f,TEN,247561c2-31cb-11f0-ab53-41ce0449976f,DEN,1757275500000
27050d50-31cb-11f0-ab53-41ce0449976f,,CHI @ CIN,401772765,27050d51-31cb-11f0-ab53-41ce0449976f,CHI,27050d52-31cb-11f0-ab53-41ce0449976f,CIN,1762106400000
26944a20-31cb-11f0-ab53-41ce0449976f,,BUF @ CAR,401772865,26944a21-31cb-11f0-ab53-41ce0449976f,BUF,26944a22-31cb-11f0-ab53-41ce0449976f,CAR,1761498000000
263a1c30-31cb-11f0-a687-2b56ff546787,,MIA @ CLE,401772754,263a1c31-31cb-11f0-a687-2b56ff546787,MIA,263a1c32-31cb-11f0-a687-2b56ff546787,CLE,1760893200000
28cab220-31cb-11f0-a687-2b56ff546787,,LAR @ CAR,401772894,28cab221-31cb-11f0-a687-2b56ff546787,LAR,28cab222-31cb-11f0-a687-2b56ff546787,CAR,1764525600000
27c63a70-31cb-11f0-8209-f386d3264813,,SEA @ LAR,401772884,27c63a71-31cb-11f0-8209-f386d3264813,SEA,27c63a72-31cb-11f0-8209-f386d3264813,LAR,1763327100000
2555fdc0-31cb-11f0-8209-f386d3264813,,CIN @ DEN,401772716,2555fdc1-31cb-11f0-8209-f386d3264813,CIN,2555fdc2-31cb-11f0-8209-f386d3264813,DEN,1759191300000
2aabce30-31cb-11f0-ab53-41ce0449976f,,LAR @ ATL,401772825,2aabce31-31cb-11f0-ab53-41ce0449976f,LAR,2aabce32-31cb-11f0-ab53-41ce0449976f,ATL,1767057300000
27596ee0-31cb-11f0-ab53-41ce0449976f,,NYG @ CHI,401772875,27596ee1-31cb-11f0-ab53-41ce0449976f,NYG,27596ee2-31cb-11f0-ab53-41ce0449976f,CHI,1762711200000
25a11080-31cb-11f0-a687-2b56ff546787,,HOU @ BAL,401772743,25a11081-31cb-11f0-a687-2b56ff546787,HOU,25a11082-31cb-11f0-a687-2b56ff546787,BAL,1759683600000
263c1800-31cb-11f0-a687-2b56ff546787,,GB @ ARI,401772863,263c1801-31cb-11f0-a687-2b56ff546787,GB,263c1802-31cb-11f0-a687-2b56ff546787,ARI,1760905500000
2705d0a0-31cb-11f0-ab53-41ce0449976f,,LAC @ TEN,401772764,2705d0a1-31cb-11f0-ab53-41ce0449976f,LAC,2705d0a2-31cb-11f0-ab53-41ce0449976f,TEN,1762106400000
247365f0-31cb-11f0-ab53-41ce0449976f,1.5,TB @ ATL,401772830,247365f1-31cb-11f0-ab53-41ce0449976f,TB,247365f2-31cb-11f0-ab53-41ce0449976f,ATL,1757264400000
29785740-31cb-11f0-a687-2b56ff546787,,PHI @ LAC,401772822,29785741-31cb-11f0-a687-2b56ff546787,PHI,29785742-31cb-11f0-a687-2b56ff546787,LAC,1765242900000
28c77dd0-31cb-11f0-a687-2b56ff546787,,GB @ DET,401772891,28c77dd1-31cb-11f0-a687-2b56ff546787,GB,28c77dd2-31cb-11f0-a687-2b56ff546787,DET,1764266400000
255401f0-31cb-11f0-8209-f386d3264813,,PHI @ TB,401772845,255401f1-31cb-11f0-8209-f386d3264813,PHI,255401f2-31cb-11f0-8209-f386d3264813,TB,1759078800000
29d4cf20-31cb-11f0-a687-2b56ff546787,,DET @ LAR,401772909,29d4cf21-31cb-11f0-a687-2b56ff546787,DET,29d4cf22-31cb-11f0-a687-2b56ff546787,LAR,1765747500000
26949840-31cb-11f0-ab53-41ce0449976f,,CHI @ BAL,401772759,26949841-31cb-11f0-ab53-41ce0449976f,CHI,26949842-31cb-11f0-ab53-41ce0449976f,BAL,1761498000000
250f57d0-31cb-11f0-8209-f386d3264813,,DET @ BAL,401772812,250f57d1-31cb-11f0-8209-f386d3264813,DET,250f57d2-31cb-11f0-8209-f386d3264813,BAL,1758586500000
29d62eb0-31cb-11f0-a687-2b56ff546787,,MIA @ PIT,401772823,29d62eb1-31cb-11f0-a687-2b56ff546787,MIA,29d62eb2-31cb-11f0-a687-2b56ff546787,PIT,1765847700000
27c55010-31cb-11f0-8209-f386d3264813,,CHI @ MIN,401772880,27c55011-31cb-11f0-8209-f386d3264813,CHI,27c55012-31cb-11f0-8209-f386d3264813,MIN,1763316000000
29757110-31cb-11f0-a687-2b56ff546787,,TEN @ CLE,401772898,29757111-31cb-11f0-a687-2b56ff546787,TEN,29757112-31cb-11f0-a687-2b56ff546787,CLE,1765130400000
25a29720-31cb-11f0-a687-2b56ff546787,,KC @ JAX,401772814,25a29721-31cb-11f0-a687-2b56ff546787,KC,25a29722-31cb-11f0-a687-2b56ff546787,JAX,1759796100000
25f1c890-31cb-11f0-a687-2b56ff546787,,PHI @ NYG,401772940,25f1c891-31cb-11f0-a687-2b56ff546787,PHI,25f1c892-31cb-11f0-a687-2b56ff546787,NYG,1760055300000
27588480-31cb-11f0-ab53-41ce0449976f,,LV @ DEN,401772944,27588481-31cb-11f0-ab53-41ce0449976f,LV,27588482-31cb-11f0-ab53-41ce0449976f,DEN,1762478100000
2a384be0-31cb-11f0-ab53-41ce0449976f,,BUF @ CLE,401772802,2a384be1-31cb-11f0-ab53-41ce0449976f,BUF,2a384be2-31cb-11f0-ab53-41ce0449976f,CLE,1766340000000
27061ec0-31cb-11f0-ab53-41ce0449976f,,ATL @ NE,401772763,27061ec1-31cb-11f0-ab53-41ce0449976f,ATL,27061ec2-31cb-11f0-ab53-41ce0449976f,NE,1762106400000
250c71a0-31cb-11f0-8209-f386d3264813,,PIT @ NE,401772732,250c71a1-31cb-11f0-8209-f386d3264813,PIT,250c71a2-31cb-11f0-8209-f386d3264813,NE,1758474000000
24745050-31cb-11f0-ab53-41ce0449976f,-3.5,LV @ NE,401772720,24745051-31cb-11f0-ab53-41ce0449976f,LV,24745052-31cb-11f0-ab53-41ce0449976f,NE,1757264400000
25f4fce0-31cb-11f0-a687-2b56ff546787,,CIN @ GB,401772752,25f4fce1-31cb-11f0-a687-2b56ff546787,CIN,25f4fce2-31cb-11f0-a687-2b56ff546787,GB,1760300700000
27c4dae0-31cb-11f0-8209-f386d3264813,,TB @ BUF,401772776,27c4dae1-31cb-11f0-8209-f386d3264813,TB,27c4dae2-31cb-11f0-8209-f386d3264813,BUF,1763316000000
275b6ab0-31cb-11f0-ab53-41ce0449976f,,LAR @ SF,401772879,275b6ab1-31cb-11f0-ab53-41ce0449976f,LAR,275b6ab2-31cb-11f0-ab53-41ce0449976f,SF,1762723500000
2b225dc0-31cb-11f0-8209-f386d3264813,,KC @ LV,401772957,2b225dc1-31cb-11f0-8209-f386d3264813,KC,2b225dc2-31cb-11f0-8209-f386d3264813,LV,1767502800000
25531790-31cb-11f0-8209-f386d3264813,,NO @ BUF,401772740,25531791-31cb-11f0-8209-f386d3264813,NO,25531792-31cb-11f0-8209-f386d3264813,BUF,1759078800000
2a37fdc0-31cb-11f0-ab53-41ce0449976f,,PHI @ WSH,401772612,2a37fdc1-31cb-11f0-ab53-41ce0449976f,PHI,2a37fdc2-31cb-11f0-ab53-41ce0449976f,WSH,1766206800000
2aa78870-31cb-11f0-ab53-41ce0449976f,,DAL @ WSH,401772710,2aa78871-31cb-11f0-ab53-41ce0449976f,DAL,2aa78872-31cb-11f0-ab53-41ce0449976f,WSH,1766685600000
259f62d0-31cb-11f0-a687-2b56ff546787,,MIN @ CLE,401772633,259f62d1-31cb-11f0-a687-2b56ff546787,MIN,259f62d2-31cb-11f0-a687-2b56ff546787,CLE,1759671000000
2694e660-31cb-11f0-ab53-41ce0449976f,,SF @ HOU,401772866,2694e661-31cb-11f0-ab53-41ce0449976f,SF,2694e662-31cb-11f0-ab53-41ce0449976f,HOU,1761498000000
263ab870-31cb-11f0-a687-2b56ff546787,,PHI @ MIN,401772862,263ab871-31cb-11f0-a687-2b56ff546787,PHI,263ab872-31cb-11f0-a687-2b56ff546787,MIN,1760893200000
28ca15e0-31cb-11f0-a687-2b56ff546787,,ATL @ NYJ,401772893,28ca15e1-31cb-11f0-a687-2b56ff546787,ATL,28ca15e2-31cb-11f0-a687-2b56ff546787,NYJ,1764525600000
27c59e30-31cb-11f0-8209-f386d3264813,,GB @ NYG,401772883,27c59e31-31cb-11f0-8209-f386d3264813,GB,27c59e32-31cb-11f0-8209-f386d3264813,NYG,1763316000000
2975bf30-31cb-11f0-a687-2b56ff546787,,CHI @ GB,401772897,2975bf31-31cb-11f0-a687-2b56ff546787,CHI,2975bf32-31cb-11f0-a687-2b56ff546787,GB,1765130400000
29d5e090-31cb-11f0-a687-2b56ff546787,,MIN @ DAL,401772933,29d5e091-31cb-11f0-a687-2b56ff546787,MIN,29d5e092-31cb-11f0-a687-2b56ff546787,DAL,1765761600000
27081a90-31cb-11f0-ab53-41ce0449976f,,ARI @ DAL,401772818,27081a91-31cb-11f0-ab53-41ce0449976f,ARI,27081a92-31cb-11f0-ab53-41ce0449976f,DAL,1762218900000
24bfff50-31cb-11f0-8209-f386d3264813,,LAR @ TEN,401772724,24bfff51-31cb-11f0-8209-f386d3264813,LAR,24bfff52-31cb-11f0-8209-f386d3264813,TEN,1757869200000
250cbfc0-31cb-11f0-8209-f386d3264813,,LAR @ PHI,401772839,250cbfc1-31cb-11f0-8209-f386d3264813,LAR,250cbfc2-31cb-11f0-8209-f386d3264813,PHI,1758474000000
28cbc390-31cb-11f0-a687-2b56ff546787,,DEN @ WSH,401772931,28cbc391-31cb-11f0-a687-2b56ff546787,DEN,28cbc392-31cb-11f0-a687-2b56ff546787,WSH,1764552000000
283772d0-31cb-11f0-8209-f386d3264813,,MIN @ GB,401772887,283772d1-31cb-11f0-8209-f386d3264813,MIN,283772d2-31cb-11f0-8209-f386d3264813,GB,1763920800000
29d432e0-31cb-11f0-a687-2b56ff546787,,NYJ @ JAX,401772797,29d432e1-31cb-11f0-a687-2b56ff546787,NYJ,29d432e2-31cb-11f0-a687-2b56ff546787,JAX,1765735200000
2a3ae3f0-31cb-11f0-ab53-41ce0449976f,,LV @ HOU,401772805,2a3ae3f1-31cb-11f0-ab53-41ce0449976f,LV,2a3ae3f2-31cb-11f0-ab53-41ce0449976f,HOU,1766352300000
2aa98440-31cb-11f0-ab53-41ce0449976f,,HOU @ LAC,401772951,2aa98441-31cb-11f0-ab53-41ce0449976f,HOU,2aa98442-31cb-11f0-ab53-41ce0449976f,LAC,1766811600000
